wavenumber_cm-1,intensity
400.0000,57.9058
400.2002,47.4140
400.4004,46.1001
400.6006,52.6943
400.8008,43.9286
401.0010,46.9079
401.2012,51.4842
401.4014,40.1291
401.6016,47.4314
401.8018,52.0133
402.0020,52.5238
402.2022,54.3698
402.4024,48.1609
402.6026,50.3291
402.8028,41.0862
403.0030,56.4824
403.2032,58.6044
403.4034,50.5321
403.6036,52.5562
403.8038,53.7311
404.0040,48.9288
404.2042,54.9186
404.4044,58.2898
404.6046,59.4053
404.8048,48.4698
405.0050,60.9323
405.2052,57.8717
405.4054,58.6573
405.6056,57.2844
405.8058,57.3295
406.0060,54.7310
406.2062,52.1748
406.4064,49.4862
406.6066,54.2813
406.8068,57.5101
407.0070,50.4162
407.2072,58.7657
407.4074,51.5704
407.6076,41.2898
407.8078,55.6054
408.0080,51.6385
408.2082,49.2533
408.4084,43.6586
408.6086,49.3206
408.8088,54.1332
409.0090,55.4188
409.2092,45.6266
409.4094,50.5808
409.6096,48.1359
409.8098,43.7857
410.0100,51.0904
410.2102,50.6517
410.4104,51.2860
410.6106,48.5968
410.8108,50.1940
411.0110,55.9435
411.2112,58.8756
411.4114,57.4212
411.6116,51.2039
411.8118,52.4354
412.0120,59.5268
412.2122,53.0690
412.4124,49.3452
412.6126,50.0703
412.8128,45.5289
413.0130,56.1111
413.2132,51.2049
413.4134,48.5589
413.6136,43.0364
413.8138,50.2204
414.0140,45.2919
414.2142,52.7510
414.4144,49.6346
414.6146,50.9339
414.8148,50.9774
415.0150,54.1690
415.2152,47.3699
415.4154,50.6310
415.6156,51.0319
415.8158,49.7760
416.0160,42.8682
416.2162,52.3391
416.4164,52.1259
416.6166,50.8910
416.8168,38.4061
417.0170,54.1266
417.2172,53.1628
417.4174,50.3073
417.6176,59.0158
417.8178,46.6119
418.0180,49.4030
418.2182,54.9176
418.4184,50.6824
418.6186,59.7826
418.8188,49.6548
419.0190,47.2390
419.2192,47.2492
419.4194,49.2541
419.6196,44.1489
419.8198,46.8908
420.0200,48.2584
420.2202,61.7602
420.4204,51.7883
420.6206,52.1245
420.8208,56.4581
421.0210,48.7600
421.2212,43.3263
421.4214,52.7781
421.6216,55.2304
421.8218,53.0104
422.0220,46.3692
422.2222,53.8442
422.4224,49.3745
422.6226,59.6300
422.8228,48.0408
423.0230,51.6450
423.2232,43.3817
423.4234,48.9868
423.6236,54.0744
423.8238,54.0557
424.0240,55.2608
424.2242,50.9194
424.4244,49.4872
424.6246,46.6701
424.8248,49.8098
425.0250,49.2270
425.2252,45.8818
425.4254,49.5434
425.6256,55.8210
425.8258,47.7285
426.0260,52.7930
426.2262,48.8842
426.4264,47.6318
426.6266,45.9285
426.8268,58.8934
427.0270,53.2251
427.2272,52.5081
427.4274,44.5335
427.6276,43.4601
427.8278,56.6445
428.0280,53.3131
428.2282,48.3496
428.4284,49.1779
428.6286,50.3311
428.8288,59.4275
429.0290,61.4887
429.2292,53.6668
429.4294,46.3148
429.6296,49.5798
429.8298,48.5674
430.0300,39.2695
430.2302,54.9751
430.4304,55.4263
430.6306,43.3408
430.8308,50.1194
431.0310,44.0482
431.2312,47.6610
431.4314,56.7995
431.6316,46.6223
431.8318,52.1517
432.0320,47.5224
432.2322,38.5169
432.4324,48.9066
432.6326,60.7349
432.8328,39.0357
433.0330,50.7554
433.2332,56.6709
433.4334,51.5553
433.6336,45.0633
433.8338,54.8649
434.0340,47.8297
434.2342,41.7372
434.4344,44.9923
434.6346,54.6016
434.8348,48.1113
435.0350,53.1360
435.2352,60.3900
435.4354,45.2875
435.6356,39.1963
435.8358,48.2697
436.0360,55.5661
436.2362,43.7046
436.4364,43.9824
436.6366,49.9128
436.8368,37.6361
437.0370,56.5359
437.2372,48.9558
437.4374,52.9979
437.6376,53.3108
437.8378,50.7804
438.0380,51.3749
438.2382,53.3058
438.4384,44.2294
438.6386,42.2801
438.8388,44.2970
439.0390,52.6520
439.2392,41.0961
439.4394,50.7771
439.6396,48.4299
439.8398,55.7480
440.0400,46.3481
440.2402,45.8235
440.4404,47.3321
440.6406,52.4359
440.8408,48.6741
441.0410,48.8975
441.2412,62.0737
441.4414,53.0664
441.6416,45.5362
441.8418,43.1598
442.0420,61.0488
442.2422,40.9061
442.4424,49.7510
442.6426,49.8843
442.8428,47.7052
443.0430,58.5008
443.2432,52.2052
443.4434,56.2664
443.6436,51.2598
443.8438,48.7442
444.0440,52.4161
444.2442,62.7177
444.4444,59.6753
444.6446,48.0373
444.8448,57.7024
445.0450,49.3761
445.2452,52.8683
445.4454,50.2676
445.6456,50.8004
445.8458,47.5481
446.0460,49.4213
446.2462,55.9542
446.4464,47.4086
446.6466,60.0096
446.8468,49.9654
447.0470,52.6706
447.2472,54.8985
447.4474,55.5679
447.6476,55.5997
447.8478,51.7914
448.0480,49.5018
448.2482,47.3668
448.4484,58.7500
448.6486,45.8365
448.8488,34.2254
449.0490,49.2660
449.2492,47.5735
449.4494,53.9483
449.6496,54.0265
449.8498,51.7139
450.0501,51.3806
450.2503,40.7004
450.4505,54.0690
450.6507,48.8293
450.8509,45.4634
451.0511,49.3080
451.2513,56.8418
451.4515,55.6425
451.6517,45.0764
451.8519,57.1776
452.0521,57.5870
452.2523,52.5863
452.4525,60.3996
452.6527,41.6467
452.8529,48.8355
453.0531,47.7021
453.2533,59.9353
453.4535,61.9445
453.6537,58.0484
453.8539,42.3130
454.0541,52.2331
454.2543,56.6984
454.4545,52.4025
454.6547,54.1566
454.8549,50.4072
455.0551,51.0245
455.2553,50.2810
455.4555,55.9070
455.6557,53.6498
455.8559,50.6082
456.0561,52.9740
456.2563,53.0139
456.4565,49.1869
456.6567,42.5393
456.8569,52.1496
457.0571,43.5309
457.2573,52.6939
457.4575,48.7807
457.6577,47.6109
457.8579,51.9102
458.0581,53.0351
458.2583,64.0915
458.4585,50.8548
458.6587,47.1763
458.8589,51.4504
459.0591,43.2132
459.2593,49.8340
459.4595,45.4990
459.6597,52.4663
459.8599,47.5231
460.0601,52.8337
460.2603,55.2407
460.4605,51.7746
460.6607,46.4673
460.8609,51.4792
461.0611,36.1577
461.2613,58.3906
461.4615,50.4335
461.6617,45.4867
461.8619,53.0297
462.0621,43.9059
462.2623,41.4894
462.4625,44.3890
462.6627,43.9681
462.8629,59.3421
463.0631,49.2044
463.2633,53.2851
463.4635,51.3719
463.6637,57.3148
463.8639,47.9698
464.0641,44.0397
464.2643,50.2341
464.4645,39.0081
464.6647,52.9482
464.8649,47.3306
465.0651,50.8545
465.2653,51.0229
465.4655,52.7573
465.6657,51.6520
465.8659,47.5432
466.0661,46.1457
466.2663,53.7954
466.4665,45.8217
466.6667,61.2605
466.8669,53.1611
467.0671,49.1197
467.2673,49.4318
467.4675,51.3374
467.6677,52.2452
467.8679,49.2966
468.0681,47.3907
468.2683,52.5752
468.4685,47.8809
468.6687,58.7958
468.8689,51.3066
469.0691,48.0215
469.2693,53.4595
469.4695,51.1778
469.6697,50.4693
469.8699,46.6288
470.0701,39.3515
470.2703,46.5912
470.4705,42.2854
470.6707,50.6455
470.8709,46.3681
471.0711,52.8303
471.2713,43.2027
471.4715,53.5902
471.6717,55.0963
471.8719,47.5968
472.0721,44.6660
472.2723,50.6401
472.4725,52.4309
472.6727,54.8105
472.8729,43.4465
473.0731,55.9176
473.2733,55.3923
473.4735,51.3221
473.6737,58.9439
473.8739,52.9121
474.0741,58.3083
474.2743,54.7494
474.4745,47.7849
474.6747,60.1663
474.8749,46.5234
475.0751,47.6120
475.2753,53.5125
475.4755,52.6537
475.6757,50.1925
475.8759,45.5302
476.0761,57.4821
476.2763,47.8637
476.4765,51.3747
476.6767,53.8626
476.8769,49.9891
477.0771,53.9598
477.2773,51.1507
477.4775,47.5986
477.6777,50.7074
477.8779,43.3636
478.0781,51.0471
478.2783,43.2549
478.4785,52.1362
478.6787,49.4737
478.8789,46.8036
479.0791,53.0868
479.2793,48.7143
479.4795,45.2560
479.6797,51.1290
479.8799,49.0317
480.0801,52.9887
480.2803,58.5042
480.4805,53.3126
480.6807,43.7256
480.8809,48.2279
481.0811,51.6544
481.2813,47.2581
481.4815,41.2158
481.6817,51.5725
481.8819,49.5947
482.0821,48.9413
482.2823,52.3305
482.4825,42.8270
482.6827,42.7957
482.8829,52.9695
483.0831,45.2468
483.2833,42.0412
483.4835,50.1087
483.6837,39.1829
483.8839,63.7072
484.0841,50.4780
484.2843,48.9176
484.4845,49.3188
484.6847,60.7103
484.8849,48.4274
485.0851,52.8495
485.2853,46.5536
485.4855,52.2065
485.6857,51.7575
485.8859,52.6804
486.0861,48.1742
486.2863,46.2491
486.4865,47.8365
486.6867,43.9565
486.8869,51.3995
487.0871,53.2117
487.2873,45.7333
487.4875,56.9387
487.6877,50.3892
487.8879,43.1832
488.0881,43.7144
488.2883,53.2068
488.4885,43.4631
488.6887,50.4142
488.8889,52.7160
489.0891,51.0736
489.2893,50.8392
489.4895,46.4693
489.6897,47.0170
489.8899,49.7144
490.0901,55.3676
490.2903,52.2024
490.4905,37.2867
490.6907,39.0278
490.8909,49.1819
491.0911,49.2447
491.2913,41.4867
491.4915,50.0195
491.6917,60.2450
491.8919,48.0898
492.0921,50.0671
492.2923,45.9439
492.4925,53.2667
492.6927,40.6578
492.8929,44.2155
493.0931,46.3605
493.2933,55.5596
493.4935,53.5534
493.6937,45.1127
493.8939,50.6247
494.0941,45.7751
494.2943,43.4288
494.4945,46.2325
494.6947,43.9730
494.8949,42.1056
495.0951,49.3958
495.2953,37.2298
495.4955,47.8366
495.6957,46.8358
495.8959,46.4145
496.0961,46.8819
496.2963,59.6597
496.4965,49.2358
496.6967,46.7325
496.8969,49.4708
497.0971,37.2578
497.2973,53.5449
497.4975,52.0251
497.6977,50.1182
497.8979,50.3679
498.0981,41.6746
498.2983,61.3994
498.4985,47.5872
498.6987,41.9194
498.8989,41.2984
499.0991,48.0773
499.2993,55.7488
499.4995,45.3594
499.6997,50.1201
499.8999,50.5207
500.1001,52.4761
500.3003,57.3519
500.5005,51.9150
500.7007,54.1468
500.9009,54.4824
501.1011,58.2029
501.3013,50.7171
501.5015,52.0988
501.7017,53.8815
501.9019,53.4158
502.1021,52.7213
502.3023,54.1919
502.5025,50.7084
502.7027,55.1228
502.9029,48.9907
503.1031,48.7072
503.3033,48.1028
503.5035,60.4209
503.7037,49.0973
503.9039,47.8572
504.1041,42.6337
504.3043,56.2682
504.5045,45.3176
504.7047,53.7733
504.9049,48.3363
505.1051,49.1943
505.3053,54.0790
505.5055,53.2245
505.7057,55.5180
505.9059,52.3208
506.1061,49.0269
506.3063,47.2959
506.5065,48.7638
506.7067,44.8848
506.9069,50.3842
507.1071,48.4165
507.3073,56.0337
507.5075,51.5975
507.7077,51.5977
507.9079,49.4248
508.1081,44.7126
508.3083,54.0546
508.5085,49.8341
508.7087,48.2463
508.9089,45.0344
509.1091,59.1868
509.3093,46.7032
509.5095,46.1508
509.7097,52.0966
509.9099,47.0718
510.1101,56.4786
510.3103,54.6989
510.5105,62.5376
510.7107,69.1523
510.9109,58.0305
511.1111,62.5315
511.3113,68.7784
511.5115,73.3040
511.7117,68.9929
511.9119,63.6406
512.1121,80.1271
512.3123,88.4101
512.5125,89.1820
512.7127,106.6120
512.9129,103.1524
513.1131,129.5070
513.3133,139.5340
513.5135,150.3404
513.7137,156.8027
513.9139,175.1422
514.1141,194.9428
514.3143,214.7222
514.5145,236.1254
514.7147,264.0174
514.9149,286.0696
515.1151,315.7697
515.3153,358.0233
515.5155,376.8318
515.7157,412.9865
515.9159,445.2767
516.1161,477.9953
516.3163,513.2425
516.5165,559.7023
516.7167,600.8817
516.9169,647.4004
517.1171,677.8417
517.3173,721.2589
517.5175,765.1146
517.7177,805.4441
517.9179,840.1509
518.1181,867.0619
518.3183,901.1198
518.5185,933.4042
518.7187,974.3062
518.9189,993.0531
519.1191,1012.0254
519.3193,1015.5683
519.5195,1033.8357
519.7197,1046.4635
519.9199,1053.4638
520.1201,1051.6136
520.3203,1047.6543
520.5205,1031.4394
520.7207,1021.4422
520.9209,1003.8010
521.1211,984.9861
521.3213,958.5056
521.5215,926.4593
521.7217,895.7197
521.9219,858.9574
522.1221,824.0257
522.3223,792.4680
522.5225,746.0800
522.7227,714.8583
522.9229,673.2793
523.1231,627.7080
523.3233,590.6685
523.5235,551.1630
523.7237,514.1372
523.9239,484.8038
524.1241,435.9634
524.3243,401.4992
524.5245,379.3861
524.7247,341.1788
524.9249,307.4270
525.1251,284.2656
525.3253,252.3922
525.5255,232.5214
525.7257,215.3517
525.9259,193.0360
526.1261,174.8405
526.3263,156.7836
526.5265,147.8355
526.7267,122.9476
526.9269,118.4569
527.1271,104.8893
527.3273,100.1403
527.5275,90.1450
527.7277,89.5702
527.9279,69.8838
528.1281,72.5532
528.3283,76.8303
528.5285,72.7753
528.7287,73.6349
528.9289,58.1035
529.1291,62.0559
529.3293,59.0122
529.5295,57.5879
529.7297,50.1099
529.9299,57.2805
530.1301,46.7586
530.3303,52.3155
530.5305,52.6194
530.7307,53.7286
530.9309,44.4985
531.1311,56.0761
531.3313,56.6038
531.5315,48.4855
531.7317,49.9162
531.9319,40.8741
532.1321,52.2447
532.3323,42.0800
532.5325,43.9306
532.7327,51.3397
532.9329,51.7384
533.1331,51.1333
533.3333,46.1660
533.5335,55.8326
533.7337,45.8020
533.9339,52.9381
534.1341,47.4375
534.3343,46.3126
534.5345,53.7041
534.7347,48.7982
534.9349,43.8747
535.1351,51.2813
535.3353,52.1713
535.5355,45.0763
535.7357,47.9527
535.9359,44.4942
536.1361,41.8815
536.3363,47.8781
536.5365,51.1094
536.7367,49.6058
536.9369,44.6667
537.1371,59.0185
537.3373,49.0536
537.5375,50.9208
537.7377,52.2796
537.9379,65.3054
538.1381,50.3089
538.3383,55.3065
538.5385,58.0626
538.7387,60.4066
538.9389,47.7710
539.1391,48.9941
539.3393,54.0012
539.5395,50.3990
539.7397,46.0314
539.9399,53.8501
540.1401,56.8874
540.3403,48.0331
540.5405,49.7033
540.7407,63.9356
540.9409,55.6919
541.1411,48.9663
541.3413,53.0789
541.5415,40.4539
541.7417,48.5839
541.9419,56.9754
542.1421,47.4820
542.3423,48.3262
542.5425,47.4266
542.7427,47.1606
542.9429,50.7860
543.1431,53.7311
543.3433,58.9805
543.5435,40.3675
543.7437,44.6051
543.9439,53.8250
544.1441,56.6561
544.3443,38.8325
544.5445,52.3502
544.7447,45.0759
544.9449,49.4960
545.1451,47.0015
545.3453,47.3129
545.5455,52.7787
545.7457,40.1723
545.9459,45.1160
546.1461,48.4622
546.3463,57.9270
546.5465,61.9345
546.7467,50.8897
546.9469,50.0110
547.1471,51.8302
547.3473,54.0716
547.5475,51.5681
547.7477,44.3807
547.9479,54.9125
548.1481,46.3638
548.3483,47.7597
548.5485,50.6307
548.7487,50.0971
548.9489,57.5994
549.1491,50.7808
549.3493,43.4135
549.5495,50.8377
549.7497,47.7020
549.9499,51.0275
550.1502,40.9135
550.3504,55.0952
550.5506,44.0752
550.7508,54.8632
550.9510,45.1761
551.1512,49.8356
551.3514,52.9068
551.5516,51.9824
551.7518,50.8498
551.9520,50.8144
552.1522,41.7449
552.3524,51.5114
552.5526,53.1295
552.7528,49.0638
552.9530,42.9162
553.1532,53.8785
553.3534,50.7875
553.5536,46.9542
553.7538,58.1673
553.9540,46.7675
554.1542,43.9779
554.3544,52.7451
554.5546,50.7816
554.7548,46.2719
554.9550,41.4346
555.1552,55.6690
555.3554,52.8854
555.5556,55.5198
555.7558,56.6285
555.9560,59.1111
556.1562,52.9237
556.3564,54.0043
556.5566,48.1007
556.7568,46.8481
556.9570,51.8921
557.1572,47.3398
557.3574,52.4072
557.5576,51.4632
557.7578,47.2969
557.9580,48.8726
558.1582,47.6179
558.3584,47.9793
558.5586,48.1504
558.7588,45.7325
558.9590,56.5714
559.1592,48.0475
559.3594,52.8526
559.5596,47.8019
559.7598,44.6091
559.9600,48.3763
560.1602,36.6580
560.3604,52.4657
560.5606,45.4519
560.7608,42.9552
560.9610,51.7783
561.1612,53.9689
561.3614,57.2944
561.5616,44.1999
561.7618,41.4005
561.9620,52.6930
562.1622,50.4080
562.3624,58.9185
562.5626,47.5927
562.7628,43.3213
562.9630,47.7707
563.1632,56.7725
563.3634,46.9466
563.5636,48.8001
563.7638,52.2266
563.9640,45.2725
564.1642,39.3238
564.3644,51.0372
564.5646,45.1906
564.7648,43.7351
564.9650,55.7214
565.1652,58.0612
565.3654,60.6276
565.5656,56.0710
565.7658,39.1779
565.9660,52.7079
566.1662,43.4503
566.3664,60.7478
566.5666,49.5963
566.7668,54.7643
566.9670,48.6298
567.1672,49.8747
567.3674,50.8682
567.5676,54.9437
567.7678,46.0144
567.9680,43.8332
568.1682,47.7985
568.3684,48.8722
568.5686,44.9472
568.7688,45.8000
568.9690,47.8358
569.1692,45.7147
569.3694,58.3787
569.5696,52.2906
569.7698,51.7096
569.9700,49.6372
570.1702,52.2911
570.3704,49.1427
570.5706,65.7912
570.7708,43.5205
570.9710,47.4872
571.1712,48.0967
571.3714,49.0722
571.5716,56.9943
571.7718,55.5615
571.9720,54.4828
572.1722,52.5337
572.3724,53.2633
572.5726,48.8228
572.7728,44.0121
572.9730,39.6978
573.1732,47.5145
573.3734,51.6171
573.5736,48.1084
573.7738,57.7431
573.9740,46.8807
574.1742,43.5783
574.3744,46.3952
574.5746,49.6540
574.7748,56.1157
574.9750,55.6304
575.1752,56.3780
575.3754,62.6652
575.5756,46.2101
575.7758,37.9659
575.9760,47.3408
576.1762,46.8407
576.3764,46.4250
576.5766,54.0415
576.7768,40.3926
576.9770,46.9696
577.1772,59.8595
577.3774,52.2584
577.5776,49.2113
577.7778,42.2551
577.9780,45.7367
578.1782,45.3996
578.3784,53.1511
578.5786,48.4143
578.7788,43.8244
578.9790,47.6488
579.1792,50.6609
579.3794,52.2031
579.5796,44.8453
579.7798,52.9036
579.9800,53.8946
580.1802,55.5945
580.3804,51.6877
580.5806,51.9369
580.7808,44.8566
580.9810,54.6951
581.1812,46.5574
581.3814,53.6766
581.5816,44.5510
581.7818,51.8885
581.9820,57.5616
582.1822,54.4009
582.3824,50.1014
582.5826,55.1987
582.7828,36.6516
582.9830,43.9293
583.1832,57.1428
583.3834,50.3326
583.5836,48.9359
583.7838,44.8791
583.9840,50.8423
584.1842,47.8599
584.3844,41.6326
584.5846,49.3903
584.7848,56.3610
584.9850,52.2460
585.1852,45.5049
585.3854,55.0516
585.5856,56.0098
585.7858,56.1341
585.9860,47.4888
586.1862,47.4487
586.3864,51.1999
586.5866,41.1800
586.7868,48.9205
586.9870,51.1178
587.1872,49.0285
587.3874,49.1947
587.5876,52.1031
587.7878,48.0479
587.9880,45.4512
588.1882,56.8666
588.3884,52.6697
588.5886,52.4615
588.7888,47.3489
588.9890,51.0969
589.1892,54.6169
589.3894,55.1561
589.5896,48.9329
589.7898,47.2298
589.9900,45.8152
590.1902,53.1766
590.3904,53.0562
590.5906,52.4281
590.7908,51.1550
590.9910,44.8483
591.1912,50.3507
591.3914,50.5105
591.5916,51.4821
591.7918,45.7330
591.9920,57.3060
592.1922,43.5034
592.3924,50.6317
592.5926,55.7951
592.7928,53.3013
592.9930,48.0213
593.1932,47.5760
593.3934,45.5314
593.5936,54.2947
593.7938,42.4766
593.9940,47.7294
594.1942,56.1525
594.3944,45.6517
594.5946,44.0553
594.7948,46.2578
594.9950,51.1091
595.1952,43.7163
595.3954,53.9729
595.5956,51.2997
595.7958,48.3138
595.9960,46.0154
596.1962,51.0888
596.3964,45.8286
596.5966,54.3863
596.7968,50.3572
596.9970,44.9178
597.1972,52.0162
597.3974,52.9129
597.5976,38.3392
597.7978,42.9094
597.9980,51.6423
598.1982,56.7764
598.3984,47.3129
598.5986,47.5550
598.7988,44.3939
598.9990,48.6240
599.1992,52.4757
599.3994,46.6973
599.5996,48.8393
599.7998,48.2926
600.0000,50.6448
